,id,employee_name,employee_salary,employee_age,profile_image
0,1,Tiger Nixon,320800,61,
1,2,Garrett Winters,170750,63,
2,3,Ashton Cox,86000,66,
3,4,Cedric Kelly,433060,22,
4,5,Airi Satou,162700,33,
5,6,Brielle Williamson,372000,61,
6,7,Herrod Chandler,137500,59,
7,8,Rhona Davidson,327900,55,
8,9,Colleen Hurst,205500,39,
9,10,Sonya Frost,103600,23,
10,11,Jena Gaines,90560,30,
11,12,Quinn Flynn,342000,22,
12,13,Charde Marshall,470600,36,
13,14,Haley Kennedy,313500,43,
14,15,Tatyana Fitzpatrick,385750,19,
15,16,Michael Silva,198500,66,
16,17,Paul Byrd,725000,64,
17,18,Gloria Little,237500,59,
18,19,Bradley Greer,132000,41,
19,20,Dai Rios,217500,35,
20,21,Jenette Caldwell,345000,30,
21,22,Yuri Berry,675000,40,
22,23,Caesar Vance,106450,21,
23,24,Doris Wilder,85600,23,
